video_id,title,description,upload_date,duration,category_id,view_count,like_count,comment_count,video_status,definition,average_view_duration,subscribers_gained,subscribers_lost
mrf4zoEucME,types of Rank Pushers in CODM,#codm #shorts,2021-05-28T06:02:46Z,PT59S,20,541263,21352,1749,public,hd,48,958,131
W_PEo0cOrK0,Evolution of COD Games on Mobile,#codm #shorts,2021-11-08T09:42:38Z,PT38S,20,13674,707,126,public,hd,32,36,6
nofGNDtBuc8,Invisibility Glitch and its Counter (CODM),#codm #codmobile #shorts,2021-03-16T07:29:08Z,PT58S,20,756,55,19,public,hd,37,1,1
8URFgkpgoBQ,MOST annoying thing in CODM right now,,2023-02-06T11:06:13Z,PT57S,20,1909,94,29,public,hd,40,5,3
XgrRqFOXn8c,and you thought you were having a bad day,#codm #shorts,2021-05-26T06:12:09Z,PT37S,20,28264,2031,175,public,hd,31,59,10
opLhefVoY8g,PRO player uses FAN LOADOUT in GARENA WC?,#codm #shorts,2021-10-08T03:22:15Z,PT34S,20,20076,914,108,public,hd,30,90,14
3qFiiYh_iQ0,Type 25 Meta: 2019 vs 2021,#codm #shorts,2021-11-19T10:16:09Z,PT34S,20,31440,1459,285,public,hd,28,49,13
U92nIWugB3w,CODM is giving us FREE Lucky Draw Spin?,#codm #shorts,2021-11-26T00:32:54Z,PT35S,20,18302,653,403,public,hd,23,42,12
L2Lzp291-ak,explain this hunter killer drone,#codm #shorts,2021-05-12T08:38:40Z,PT18S,20,33325,1324,110,public,hd,16,97,6
nyPOsbvx1nA,this QQ9 gunsmith turns it into an AR,#codm #codmobile #callofdutymobile,2021-03-19T11:45:27Z,PT1M47S,20,806,62,20,public,hd,43,1,0
kSGoHn4V_FU,legendary skin death effect replicated for FREE?,#codm #shorts,2021-09-14T05:49:49Z,PT36S,20,37077,1497,156,public,hd,30,35,6
OWpC52uFbic,FREE REWARDS: China vs Global CODM,#codm #shorts,2021-10-11T08:33:46Z,PT35S,20,43933,2061,267,public,hd,31,106,15
pQvZ_kZL6lI,if the heartbeat sensor could talk in CODM,#codm #shorts,2021-05-27T14:48:02Z,PT33S,20,38320,2744,232,public,sd,22,58,11
wQlktxtDndQ,COPY your FRIENDS loadouts without asking them (S8 update),#codm #shorts,2021-09-21T15:17:58Z,PT37S,20,15827,757,127,public,hd,28,35,7
NS9T30WmOAc,when thermite doesn‚Äôt damage you at all?,#codm #shorts,2021-05-01T08:43:07Z,PT26S,20,69471,2836,178,public,hd,21,273,9
oseJCdHjnQg,how using Red Dot increases your accuracy x10,#codm #shorts,2021-10-12T04:02:16Z,PT47S,20,29944,1275,242,public,hd,36,47,9
2wfUzUNRJc8,how to reveal streamer mode user‚Äôs IGN,#codm #shorts,2021-10-20T05:12:48Z,PT35S,20,16188,633,64,public,hd,30,16,4
PmUNBM2SUe8,Indian Community after LaN Diss,#shorts #codm,2021-12-14T05:11:48Z,PT17S,20,22745,2162,765,public,hd,16,122,47
-Mn5fl66sWs,iFerg isn‚Äôt really quitting CODM (see this),#codm #shorts,2021-11-04T23:04:20Z,PT47S,20,27583,1527,168,public,hd,36,66,10
W7mjc7mwfKY,Can Maddox dethrone CBR?,,2023-03-12T07:13:43Z,PT1M42S,20,1545,97,40,public,hd,44,2,3
c13qz3gVvEw,win 99% of gunfights with these 3 tricks,#codm #shorts,2021-08-28T05:28:35Z,PT52S,20,25610,1517,183,public,hd,38,77,5
cbtC3kpmilc,PP-19 BIZON GUNSMITH for NUKES ‚ò¢Ô∏è,#codm #codmobile #nuke,2021-04-19T05:56:33Z,PT3M1S,20,1515,95,26,public,hd,55,11,4
qjccr4cmRmM,Legendary Skin that looks exactly like an Epic Skin,#codm #shorts,2021-10-31T04:51:48Z,PT35S,20,48934,1975,219,public,hd,30,52,12
DYhIrburYHQ,every thermite spammer deserves this,#codm #shorts,2021-06-19T15:09:27Z,PT33S,20,56260,3521,303,public,hd,25,154,14
odEXHm6SxW0,when spawns help you spawn trap,#codm #shorts,2021-05-06T08:40:32Z,PT35S,20,55882,2422,100,public,hd,28,196,18
k3i0qfuyo1g,top 3 loadouts that will help you reach legendary ranked,#codm #shorts,2021-08-03T09:21:53Z,PT20S,20,14575,917,153,public,hd,17,62,6
przzqt5kiWE,iFerg said this is one of the worst BP skin of all time....,#codm #shorts,2021-10-24T05:04:19Z,PT41S,20,165592,6153,592,public,hd,35,218,26
oqODvIGPGEw,LOADOUTS that helped me reach LEGENDARY rank in CODM,#codm #shorts,2021-09-27T06:28:41Z,PT39S,20,228101,10458,1161,public,hd,32,1252,55
zDqhswOpaC8,How CBR Asia #2 plays against sweats,(Prod. theskybeats),2023-02-09T02:29:45Z,PT2M9S,20,9586,490,84,public,hd,75,112,7
o1OBXrvvh4k,ACCIDENTALLY NUKED A PRO PLAYER!!! (Legendary Ranked),"This is PrinceRez, I'm an ex-competitive COD Mobile player from India. 
I play on iPhone 8 plus, 4 finger gyro!
SUBSCRIBE for more nukesss!
FOLLOW: https://www.instagram.com/prince_rezzzzz/",2020-10-25T09:13:22Z,PT4M28S,24,944,82,22,public,hd,113,7,4
Lkv62mveKlo,weapon inspection came out early?,#codm #shorts,2021-10-21T04:46:18Z,PT39S,20,38766,1830,230,public,hd,27,68,9
xkFjcnp7e0o,quick maths,#codm #shorts,2021-05-18T16:05:44Z,PT38S,20,42640,2288,218,public,hd,32,128,8
SXbd7GEreic,evolution of seasonal LEGENDARY FRAMES,#codm #shorts,2021-09-17T05:29:01Z,PT37S,20,15977,648,240,public,hd,30,18,1
ao-CYW0b_wg,Solo Domination in 59 seconds,#codm #shorts,2021-06-09T05:47:09Z,PT59S,20,16524,1286,230,public,hd,49,70,7
q5KtuYVPQt4,How I get scorestreaks vs How my enemy gets,#codm #shorts,2021-11-24T09:25:34Z,PT40S,20,9896,559,118,public,hd,31,19,6
czZTI96EBxk,OLD vs NEW Final Killcam Comparison,#codm #shorts,2021-11-07T09:56:23Z,PT34S,20,334531,9676,556,public,hd,27,545,36
GlwEVZdMNYU,how rank tryhards make their loadout,#codm #shorts,2021-08-16T05:30:04Z,PT38S,20,54826,2395,271,public,hd,30,133,15
F4ZHGlaEyLY,how CODM buffed QXR,"#codm #shorts

Video Credits: Shad kinda funny 
Link: https://youtube.com/channel/UCbMt0TXpOmyW1ot65SXjwWQ",2021-06-26T07:17:45Z,PT36S,20,20362,2408,153,public,hd,30,112,15
NU0AiC4znnM,180 cp AGR or ICR?,#codm #shorts,2021-06-03T16:35:08Z,PT57S,20,16659,1063,188,public,hd,36,46,4
tgoyV87KFlg,every F2P player‚Äôs dream in CODM,#codm #shorts,2021-08-21T05:25:59Z,PT42S,20,60501,4250,807,public,hd,33,288,22
OTvpUAolRYQ,Legendary vs Default Thumper Comparison,#codm #shorts,2021-10-29T06:16:49Z,PT36S,20,76880,2303,323,public,hd,31,108,16
xxaRLqC4Fho,Legendary vs Base Melee Comparison,#codm #shorts,2021-10-30T10:46:27Z,PT37S,20,57306,2005,207,public,hd,32,72,16
0JpBvShCXFg,Legendary vs Default Swordfish Comparison,#codm #shorts,2021-11-02T03:29:18Z,PT39S,20,15044,695,102,public,hd,31,32,3
ZCzTr6xLS34,iFerg and his gf bump into his ex?,#codm #shorts,2021-09-08T15:51:00Z,PT37S,20,50365,2813,124,public,hd,31,89,10
_H3sfcdZnoU,SECRET skin that makes chicom OP,#codm #shorts,2021-05-15T16:20:37Z,PT55S,20,116048,4901,642,public,hd,35,503,34
bYiv0Z1dStU,explain how I survived here,#codm #shorts,2021-05-03T08:37:48Z,PT26S,20,84424,3731,339,public,hd,22,309,24
pBTpoXV6R-o,NEW Secondary Weapon that will destroy campers in CODM,#codm #shorts,2021-11-09T06:24:55Z,PT34S,20,132317,5209,702,public,hd,29,462,36
pbeUwud3KUY,bomb defused and still LOST!? please explain this CODM,#codm #shorts,2021-08-22T05:33:43Z,PT37S,20,25749,1598,217,public,hd,29,58,9
EgJF_enaEic,OG GHOST SKIN: Combat Master VS CODM,#codm #shorts,2021-10-26T10:55:48Z,PT35S,20,24227,1172,358,public,hd,27,32,7
r9hgFLR0IWw,how CODM stores data of NA-45 users,#codm #shorts,2021-05-01T16:06:32Z,PT21S,20,31097,1962,247,public,hd,17,275,18
L2Lzp291-ak,explain this hunter killer drone,#codm #shorts,2021-05-12T08:38:40Z,PT18S,20,33325,1324,110,public,hd,16,97,6
kbknFZDQqoY,first ever Grenade with a SILENCER in CODM,#codm #shorts,2021-11-10T10:44:16Z,PT35S,20,46303,2257,233,public,hd,30,95,11
ZYROc4OG8SY,CODM made these OG skins disappear?,#codm #shorts,2021-11-22T08:12:58Z,PT33S,20,10912,483,139,public,hd,26,17,2
3ayQdvD3g3Y,how CODM made this EPIC skin,#codm #shorts,2021-06-23T07:36:28Z,PT38S,20,446410,20903,574,public,hd,32,3165,126
F_kVD9TKKU0,had no idea what was about to happen,#codm #shorts,2021-05-13T08:57:08Z,PT16S,20,42529,2216,125,public,hd,16,120,12
Lcm9S8XCVy8,"if you died like this, would you report?",#codm #shorts,2021-05-14T16:23:29Z,PT15S,20,105983,4692,382,public,hd,14,305,24
G2Vhn2Vs6YE,teammates in group project,#codm #shorts,2021-05-16T16:25:32Z,PT24S,20,56053,2612,75,public,hd,20,120,12
BaZEWFj20W8,is Stopping Power Ammo on Type 25 required?,#codm #shorts,2021-11-17T11:01:45Z,PT42S,20,23190,888,110,public,hd,33,43,10
JoDiK5EzMaU,is M13 Morningstar secretly a high budget geometry skin?,#codm #shorts,2021-11-01T11:08:13Z,PT39S,20,61617,2178,215,public,hd,29,69,9
PEPcwxHh5NY,guess how much this trip mine costs,#codm #shorts,2021-06-18T15:54:47Z,PT34S,20,85055,3959,462,public,hd,29,354,27
ENBMgUcNvYg,3 things Combat Master has and CODM doesn‚Äôt,#codm #shorts,2021-10-26T04:05:21Z,PT47S,20,81361,3557,1082,public,hd,38,183,21
SXbd7GEreic,evolution of seasonal LEGENDARY FRAMES,#codm #shorts,2021-09-17T05:29:01Z,PT37S,20,15977,648,240,public,hd,30,18,1
IxncSrH47Zw,they said calling Goliath in spawn is safe,#codm #shorts,2021-05-04T08:32:27Z,PT21S,20,41724,1648,113,public,hd,19,261,16
GwRWBFLIiPU,secret AXE level up,#codm #shorts,2021-06-20T16:07:53Z,PT32S,20,46798,2153,288,public,hd,26,117,13
O_URdeePxvs,3 tips to help you reach LEGENDARY ranked faster in CODM,#codm #shorts,2021-09-28T05:26:59Z,PT39S,20,55685,2010,271,public,hd,30,203,17
BV7lnxCWGQg,only sticky grenade with a BLAST effect in CODM?,#codm #shorts,2021-10-27T10:06:40Z,PT35S,20,31379,1295,135,public,hd,27,30,6
MivODj-OLxw,75 FOV to 90 FOV sensitivity calculator,#codm #shorts,2021-07-29T06:47:21Z,PT24S,20,8220,530,122,public,hd,21,27,1
CUFUA2k1X_k,here‚Äôs why CODM loves anime,#codm #shorts,2021-10-10T04:53:24Z,PT37S,20,35904,1848,277,public,hd,29,68,17
2Ki8Wa_pO3c,evolution of MOVEMENT in 35 seconds,"#codm #shorts

BG credits: https://youtu.be/j-99BIsa7-s",2021-06-03T10:14:48Z,PT35S,20,34838,1719,166,public,hd,31,55,13
CjBv-gQoiWg,3 Skins in 1 Skin?,#codm #shorts,2021-11-12T11:07:38Z,PT35S,20,32335,1576,251,public,hd,28,64,12
ssdbKrqzsOo,they said no one spawn camps in domination,#codm #shorts,2021-05-30T16:40:18Z,PT47S,20,33992,1760,139,public,hd,39,63,7
lI-Fpz5STLQ,"CODM wants to be 18+, but isn‚Äôt really....",#codm #shorts,2021-10-23T11:28:07Z,PT34S,20,42448,1981,434,public,hd,32,57,16
0iyzzr4ob0k,5 most satisfying things to do in Ranked CODM,#codm #shorts,2021-11-06T09:53:36Z,PT47S,20,34975,1565,394,public,hd,38,103,17
W-SsfSyUv94,most used attachment in season 1 of CODM,#codm #shorts,2021-10-05T09:19:18Z,PT35S,20,15219,1064,149,public,hd,29,26,4
6KRwbSaYYec,don‚Äôt play CODM if you‚Äôre a simp like this,"#codm #shorts

Credits: RyanHiga",2021-06-17T15:33:10Z,PT35S,20,22582,1615,289,public,hd,28,70,12
w2JUDbSn8kE,NEW Feature that Reduces Lag in CODM,#codm #shorts,2021-11-16T11:16:44Z,PT37S,20,14318,666,139,public,hd,33,40,6
k3i0qfuyo1g,top 3 loadouts that will help you reach legendary ranked,#codm #shorts,2021-08-03T09:21:53Z,PT20S,20,14575,917,153,public,hd,17,62,6
JrsE7X5P0jQ,everyone needs to see these weapon inspections,#codm #shorts,2021-11-16T07:21:01Z,PT40S,20,37958,1645,188,public,hd,35,74,7
f7kOQVvHopY,ALL WEAPONS should have this FEATURE in CODM,#codm #shorts,2021-09-06T05:16:43Z,PT38S,20,21335,1127,315,public,hd,29,46,14
6Q5k2IyjFO8,"2 years ago on this day, something special happened...",#codm #shorts,2021-10-01T03:27:43Z,PT35S,20,11641,961,290,public,hd,31,22,6
WaAtwN6Vrfs,when you‚Äôre almost there but not quite,#codm #shorts,2021-04-30T08:11:34Z,PT37S,20,92445,3661,228,public,hd,31,232,18
8zA0pHxIQ5g,new $5 P2W Type25 skin is so OP,#codm #shorts,2021-06-02T13:59:33Z,PT54S,20,14999,930,188,public,hd,32,34,3
yVa-t9pgloU,the most impossible thing I‚Äôve ever done in a deathmatch,#codm #shorts,2021-08-27T07:02:50Z,PT44S,20,14233,1067,176,public,hd,35,26,8
ypQ5X6RTU10,the story of Garena‚Äôs BEST player,#codm #shorts,2021-10-19T04:52:47Z,PT41S,20,9607,623,91,public,hd,35,17,8
tyzh5ELawDU,when BGMI gets released,#shorts #BGMI #codm,2021-06-18T06:48:58Z,PT56S,20,23719,1915,679,public,hd,42,52,5
E22-1RkaZU4,3 features you may have missed in the new update,#codm #shorts,2021-09-22T04:39:55Z,PT49S,20,19812,1043,97,public,hd,38,33,6
G87oyRJ74as,5 things CODM changed in the last 2 years,#codm #shorts,2021-09-20T11:39:29Z,PT59S,20,19480,1304,148,public,hd,50,28,4
xMpFX-7soNU,weapons that are ignored by CODM,#codm #shorts,2021-09-18T05:26:39Z,PT47S,20,21733,1148,387,public,hd,40,35,6
7IitrgbOa0U,he changed his gaming chair mid-game,#shorts #codm,2021-07-22T09:33:43Z,PT35S,20,12007,900,61,public,hd,32,31,6
h_31q3wHHkc,every Free2Play sniper‚Äôs dream,#codm #shorts,2021-09-01T05:44:28Z,PT46S,20,14668,1060,257,public,hd,32,75,10
CQAGL88SGrY,the worst situation to be in CODM?,#codm #shorts,2021-08-06T06:35:39Z,PT36S,20,7537,621,70,public,hd,31,26,3
H2fpnsDHAqg,no one noticed this character skin saying INAPPROPRIATE stuff!??,#codm #shorts,2021-09-02T07:20:52Z,PT35S,20,10966,1038,230,public,hd,29,22,8
dvl88DuJd5Q,how Dr. Disrespect got 1 million CP,#codm #shorts,2021-05-31T12:53:46Z,PT43S,20,66972,3648,163,public,hd,35,187,20
sdNuu5LVWKI,renetti makes opponents upsetti,#codm #shorts,2021-05-08T16:06:28Z,PT51S,20,45412,1906,284,public,hd,32,129,9
Id9T1jEKr_k,Respecting every Free2Play player,#codm #shorts,2021-09-08T06:07:39Z,PT59S,20,18883,1214,238,public,hd,37,60,9
OM6VDSOPhXk,top most saddest death in CODM history,#codm #shorts,2021-04-29T10:51:07Z,PT16S,20,4460,163,15,public,hd,14,4,0
p4ZWWTFolVg,when CODM removes the rename card,#codm #shorts,2021-06-15T16:00:49Z,PT45S,20,115977,5903,1270,public,hd,34,471,37
KmPDOQEN4jQ,every Free2Play player wants THIS to be back,"#codm #shorts

Clip Credits: SIGMA CODM",2021-10-06T08:40:19Z,PT35S,20,20744,1167,172,public,hd,29,38,7
TPE54pbvlVI,making iFerg moan while getting destroyed in S3 ranked,"#codm #shorts

@ICECODM new sound effect? üòÇ",2021-08-02T06:39:44Z,PT51S,20,10460,852,88,public,hd,40,30,5
OVhUWWy0gf0,when you get the fastest 4K ever? (2s),#shorts #codm,2021-04-27T16:36:55Z,PT7S,20,11558,466,34,public,hd,7,10,1
OVhUWWy0gf0,when you get the fastest 4K ever? (2s),#shorts #codm,2021-04-27T16:36:55Z,PT7S,20,11558,466,34,public,hd,7,10,1
zEikXUPY9f4,remember when SNIPERS could do this? üò≥,#codm #shorts,2021-10-15T06:53:46Z,PT34S,20,36651,2116,546,public,hd,28,99,10
-AMlEdn1M2g,why doesn‚Äôt my server have this feature!?,#codm #shorts,2021-10-18T07:03:55Z,PT35S,20,14084,740,178,public,hd,28,34,14
fmWXfskQmds,Pay 2 Get Scammed Bundle,#codm #shorts,2021-10-28T04:19:27Z,PT51S,20,157341,7108,520,public,hd,39,359,47
i5625yxEPR0,NETFLIX in CODM?,#codm #shorts,2021-10-11T04:32:46Z,PT38S,20,10744,654,104,public,hd,25,16,13
ajxgbcV_1Aw,from pay2win to free2win to forgotten,#codm #shorts,2021-08-20T05:29:57Z,PT53S,20,73754,3146,307,public,hd,35,248,15
C37JgIAEo7Q,how CODM devs nerfed NA-45,#codm #shorts,2021-05-22T08:46:09Z,PT30S,20,71298,4022,245,public,hd,26,301,19
eDjqE0DN3Hw,only legends will remember this (CHILLS ALERT),#codm #shorts,2021-06-05T09:27:57Z,PT59S,20,23668,1689,192,public,hd,49,57,9
F4zKyACuRGc,0.001% chance of this happening,#codm #shorts,2021-05-17T16:22:20Z,PT27S,20,95167,3892,583,public,hd,24,232,23
qWj1JWo6tvM,back when RARE BP skins blew your mind...,#codm #shorts,2021-10-28T11:34:25Z,PT34S,20,43514,2021,264,public,hd,27,80,13
przd8y8HPUo,when you hit the most insane pistol collat ever,#codm #shorts,2021-05-08T08:30:02Z,PT15S,20,112114,2870,145,public,hd,14,334,16
taL6Qkz3xRY,BullCharge or BulliedCharge?,#codm #shorts,2021-05-07T16:04:08Z,PT13S,20,69477,3066,143,public,hd,11,509,36
abzEFAPN8XE,every CODM player today,#codm #shorts,2021-07-16T07:11:25Z,PT11S,20,8280,821,86,public,sd,9,9,7
p0NmoaSOpRI,he thought I was done fake planting the bomb,#codm #shorts,2021-07-27T07:52:50Z,PT17S,20,6347,548,61,public,hd,16,3,3
BYBpytbOTls,this default skin gave birth to P2W ironsights?,#codm #shorts,2021-09-04T06:17:53Z,PT50S,20,97804,4241,418,public,hd,37,167,40
LXbhoc6Ht_g,types of TEAMMATES in CODM,#codm #shorts,2021-06-14T15:26:46Z,PT59S,20,31963,2201,259,public,hd,45,120,7
fbdjRIsI-UE,"Bro wake up, it‚Äôs 2019!",#codm #shorts,2021-09-03T08:12:08Z,PT44S,20,48226,3185,788,public,hd,32,154,18
UO7LLwdzlnQ,types of World Championship players in CODM,#codm #shorts,2021-07-08T02:32:52Z,PT51S,20,8442,900,160,public,hd,39,15,5
KuDa4IYd-Z4,qq9 gunsmith for NUKES,#codm #codmobile,2021-04-02T08:46:35Z,PT2M49S,20,2684,110,11,public,hd,41,25,1
3XmHzfZ6dMc,faced the deadliest hackers of Indian servers,#codm #shorts,2021-08-23T05:32:47Z,PT55S,20,9537,754,154,public,hd,43,24,5
EvKl4SNPSjE,FREE Animated Locus Skin ü§Ø,#codm #shorts,2021-10-22T11:21:23Z,PT36S,20,32963,1553,351,public,hd,24,56,4
l5Gn6Ymbrqg,every CODM player‚Äôs dream (sponsored by @callofdutymobile),#codm #shorts #codm_partner,2021-08-31T05:12:10Z,PT48S,20,20915,1016,307,public,hd,33,106,16
7NsT3EKNNCg,5 guns that BROKE CODM in the past,"#codm #shorts

Credits: iFerg",2021-06-11T07:24:21Z,PT59S,20,34089,1647,391,public,hd,48,122,12
nIBVelgHfbs,replicate PAID skin for FREE!?,#codm #shorts,2021-10-25T05:11:42Z,PT40S,20,47972,2232,344,public,hd,32,72,13
onngyH-KgNs,FREE REWARDS no one told you about,#codm #shorts,2021-10-03T03:29:20Z,PT37S,20,46312,2041,211,public,hd,30,83,17
qRau0veLyM8,this feature is A+++ for players with LOW CP,#codm #shorts,2021-10-09T03:02:49Z,PT34S,20,31034,1207,165,public,hd,28,45,6
JfunZL0-Kj4,how to get FREE CP in CODM,"#codm #shorts

DISCORD LINK: https://discord.gg/HdywEx4Mag",2021-10-07T03:34:51Z,PT38S,20,24038,2043,249,public,hd,24,851,63
8Azy6AHsqMg,guess he had a better gaming chair?,#codm #shorts,2021-05-06T16:11:24Z,PT29S,20,191740,6478,469,public,hd,25,598,38
Gg7xCB5Vpc0,remember when skins had PERKS?,#codm #shorts,2021-10-17T07:25:08Z,PT38S,20,16519,873,89,public,hd,31,21,3
Z_5shHF5-Sc,world record to get the fastest Advanced UAV? (7.7s),#codm #shorts,2021-12-09T05:10:24Z,PT11S,20,7430,365,54,public,hd,11,10,3
8K6QADRU6XA,3 reasons why you still love CODM,#codm #shorts,2021-10-27T03:55:56Z,PT39S,20,19762,1185,244,public,hd,30,49,5
hBT_NcHPNqs,did HG get a buff already?,#codm #shorts,2021-05-19T08:32:18Z,PT57S,20,33636,1533,213,public,hd,32,91,7
qfC6k4Tzv84,Free 2 Lose Character Skin?,#codm #shorts,2021-11-13T09:33:46Z,PT34S,20,55660,2201,231,public,hd,29,102,17
fflLZpFzvPU,can‚Äôt decide which is the best gun? send help,#codm #shorts,2021-07-20T07:31:36Z,PT1M43S,20,6764,699,170,public,hd,47,26,6
YeszT_ensJk,Nuked each other at the same time (in legendary ranked),,2023-02-02T07:21:27Z,PT58S,20,2577,179,32,public,hd,43,14,4
qR9EZB7fT-E,iPad Legendary Ranked Highlights (ft. DRH),,2021-01-04T21:17:12Z,PT3M52S,20,589,64,20,public,hd,66,4,1
JxOnC-ZgtMw,when CODM breaks the meta,#codm #shorts,2021-07-11T04:54:27Z,PT40S,20,6830,810,83,public,hd,26,25,4
qkyJz7Si7os,Nuked a YouTuber with 100k subs (@StealthCODM),(Prod. theskybeats),2023-02-11T02:19:02Z,PT2M22S,20,3126,229,72,public,hd,80,34,4
QB14xmh3SfE,they said MW11 has no chance against .50GS,#codm #shorts,2021-04-28T07:29:44Z,PT16S,20,43439,1456,147,public,hd,15,76,7
SPPrxpKuUEk,but if you close your eyes...(1000 cp scam),#codm #shorts,2021-07-12T07:53:47Z,PT28S,20,11174,1162,156,public,hd,25,19,6
PxQS-hxKWgc,loadouts that will help you destroy legendary ranked,#codm #shorts,2021-09-10T06:01:34Z,PT38S,20,22940,1193,175,public,hd,29,109,8
VTHBQMqzHKc,big brain time (literally),#codm #shorts #glitch,2021-05-09T16:09:19Z,PT19S,20,63370,2268,130,public,hd,17,128,11
R6snPBgmgAA,caught using aimbot,#codm #shorts,2021-05-07T08:31:19Z,PT42S,20,45618,1813,155,public,hd,29,151,13
-1LwY56FhPo,every free2play player‚Äôs dream (pt2),#codm #shorts,2021-08-30T06:59:38Z,PT45S,20,21827,1539,317,public,hd,33,81,9
7-Wh_el_bvQ,BEST QQ9 LOADOUT | Gunsmith attachments!,,2020-08-18T06:22:45Z,PT3M26S,24,866,57,10,public,hd,60,8,0
LLvgE5ZK18I,PUBG BANNED? WELCOME TO COD MOBILE - NUKE 101 (Legendary Ranked),"Hello guys, since Pubg got banned in India, a lot of you are planning to shift to codm. Here's how a ex-pro player plays the game in the highest tier in the MP mode! Y'all can definitely learn a lot about movement, game style and positioning from my videos! 
This is PrinceRez, I'm an ex-competitive COD Mobile player from India.
I play on iPhone 8 plus, 4 finger gyro!
SUBSCRIBE for more nukesss!
FOLLOW: https://www.instagram.com/prince_rezzzzz/",2020-09-04T13:05:38Z,PT3M49S,24,674,86,26,public,hd,83,7,0
r0j5KihXsvY,only weapon thats non-yoinkable and has no grindable camos,#codm #shorts,2021-11-02T09:58:08Z,PT34S,20,58178,2010,178,public,hd,29,44,13
cn5gltF46l0,the S11 BP Skins are respectfully bussin‚Äô,#codm #shorts,2021-12-17T01:01:45Z,PT45S,20,17589,868,222,public,hd,37,34,11
vjzMj58lkY4,bet you‚Äôll watch this more than once,#codm #shorts,2021-05-20T08:31:36Z,PT31S,20,36139,2146,251,public,hd,26,104,7
ZfagNdvjYfw,CODM | Ranked Highlights #2 (Solo nuke + sniper clips),"RIP JUICE WRLD
He's a legend",2020-07-13T14:59:53Z,PT5M48S,24,840,66,14,public,hd,119,12,0
_mPjCScqOvg,BEST GUN in CODM atm (not man-o-war + 2 nukes),"Legendary ranked nukes 

#codm #codmobile",2021-04-07T11:33:39Z,PT4M14S,20,953,53,21,public,hd,59,3,1
FPwepaMHbW8,one shot thermite,#codm #shorts,2021-04-29T05:20:03Z,PT12S,20,4778,139,18,public,hd,11,3,1
m1lNtwoKd0c,they said they‚Äôve never seen this skin ever before,#codm #shorts,2021-04-30T15:58:40Z,PT54S,20,210313,6267,740,public,hd,34,1170,71
WcpSDQ1fjvE,in the end it doesn‚Äôt even matter,#codm #shorts,2021-05-26T18:58:27Z,PT45S,20,21685,1444,157,public,hd,35,84,9
L9vXzPTL9qs,DAILY NUKE #5 (Legendary Ranked),"This is PrinceRez, I'm an ex-competitive COD Mobile player from India. 
I play on iPhone 8 plus, 4 finger gyro!
SUBSCRIBE for more nukesss!
FOLLOW: https://www.instagram.com/prince_rezzzzz/",2020-09-16T14:00:57Z,PT3M44S,24,478,58,20,public,hd,111,3,0
VkrPXgRYQ0Y,Legendary Ranked NUKE (Rank SZN 6) | CODM,,2020-08-27T06:35:32Z,PT3M23S,24,658,66,12,public,hd,74,12,1
e3-5Hbdz6_A,they said 10/10 missed this in CODM,#codm #shorts,2021-07-30T06:10:14Z,PT55S,20,5496,542,72,public,hd,29,12,2
Cozk9jYkRPg,iFerg said this is the worst LUCKY DRAW of all time...,"Loadout of the HG40: YKM integral suppressor, strike foregrip, granulated grip tape, OWC laser tactical, No stock 

#codm #shorts",2021-11-05T10:55:14Z,PT49S,20,68914,3215,605,public,hd,36,180,19
TX6Ll8zHjTs,S5 summary in one killcam,#codm #shorts,2021-07-11T14:09:12Z,PT12S,20,9493,951,101,public,hd,12,21,6
G4or6l9YC88,reality of the SNIPER nerf,#codm #shorts,2021-06-04T10:52:51Z,PT34S,20,22428,1623,277,public,hd,29,56,8
ZrppQvgJjZQ,Legendary Skin with NO Death Effect!?,#codm #shorts,2021-10-22T03:17:18Z,PT48S,20,36876,1836,420,public,hd,33,67,10
wXmjIt9A4kw,how Manta Ray is feeling today,#codm #shorts,2021-08-25T13:07:42Z,PT41S,20,66360,4485,297,public,hd,33,164,29
VMOrOAu45b4,I use cheats to nuke everygame (@xHanzu vibez),#codm #callofdutymobile #codmobile,2021-02-24T16:25:55Z,PT2M49S,20,527,59,18,public,hd,67,0,0
2AOx2vz9Svo,ways to counter the K-9 UNIT in CODM,#codm #shorts,2021-06-30T02:12:44Z,PT45S,20,86281,3844,579,public,hd,40,173,22
cmIXUcD9oLU,"bro wake up it‚Äôs 2020, MSMC & RUS SLAPS!",#codm #shorts,2021-09-10T07:36:38Z,PT38S,20,15438,970,273,public,hd,30,32,6
Ht_EgiQX8I8,OG skins only OG players have,#codm #shorts,2021-09-16T06:50:27Z,PT38S,20,38648,1845,817,public,hd,32,52,11
YnrIxueoFec,they got this OG map to CODM,#codm #nukey,2021-08-11T07:28:24Z,PT1M28S,20,5183,332,85,public,hd,30,10,2
gPJvnASUDCk,HVK needs to get nerfed!? (Legendary Ranked Nukes),"This is PrinceRez, I'm an ex-competitive COD Mobile player from India. 
I play on iPhone 8 plus, 4 finger gyro!
SUBSCRIBE for more nukesss!
FOLLOW: https://www.instagram.com/prince_rezzzzz/",2020-11-17T12:37:30Z,PT4M52S,24,644,67,24,public,hd,89,9,1
OpnYp-ty0-E,No one watches nukes anymore?,#codm #codmobile #callofdutymobile,2021-03-12T10:26:30Z,PT2M17S,20,970,75,18,public,hd,53,8,0
pz3COrcBYws,DAILY NUKE #9 (Legendary Ranked),"This is PrinceRez, I'm an ex-competitive COD Mobile player from India. 
I play on iPhone 8 plus, 4 finger gyro!
SUBSCRIBE for more nukesss!
FOLLOW: https://www.instagram.com/prince_rezzzzz/",2020-09-20T17:37:28Z,PT3M28S,24,444,61,20,public,hd,113,5,1
GnOPq_jUi9c,lowkey glad snipers are getting a nerf,#codm #shorts,2021-05-05T08:29:19Z,PT26S,20,43757,1801,270,public,hd,23,244,13
FuLMMRGI0hk,Comeback of the Most OG Secondary?,#codm #shorts,2021-11-15T08:43:25Z,PT35S,20,16323,662,192,public,hd,25,27,10
movPO_bJnSk,no one talks about this SECRET LK24 skin,#codm #shorts,2021-05-19T16:08:15Z,PT59S,20,46353,2102,425,public,hd,35,125,16
0ZtiJ2gVM4E,most forgotten legendary skin,#codm #shorts,2021-05-11T08:38:22Z,PT43S,20,99068,3506,707,public,hd,28,212,20
Ecc5rFrhZsE,CODM | Ranked Highlights #3 (CAN'T WAIT FOR SZN 9),,2020-08-12T15:17:11Z,PT4M49S,20,407,50,13,public,hd,106,6,1
2QmEc6Uc8wE,HACKNEY YARD Legendary Ranked Nuke,,2020-12-13T10:22:57Z,PT3M14S,24,355,54,13,public,hd,88,1,1
lymSECXrEAo,this skin turns type-25 into an OP SMG,#codm #shorts,2021-05-17T08:42:07Z,PT52S,20,61263,2209,339,public,hd,31,168,10
tyhMGtgrQ08,0.01% odds on a FREE Skin? üòÆ,#codm #shorts,2021-11-03T05:01:18Z,PT40S,20,16672,782,171,public,hd,26,19,9
1hrk7YyNv84,Pro scrim | Force1 vs Team Tamilas | CODM,,2020-08-03T16:19:12Z,PT5M42S,24,1830,92,14,public,hd,120,19,2
hvs-Rcc6XSU,every ranked lobby this season,#codm #shorts,2021-09-25T09:51:03Z,PT39S,20,20101,1348,222,public,hd,33,37,4
wl0HBAxFdrA,secret Type-25 skin carried me to LEGENDARY rank,#codm #shorts,2021-11-21T12:16:41Z,PT33S,20,13921,544,155,public,hd,23,16,8
DcVER2fIt3U,Why cordite is OP | CODM (Legendary ranked nuke),,2020-07-12T14:10:05Z,PT4M24S,24,442,35,10,public,hd,69,6,0
54obuKxLlt0,CBR Asia #2 plays solo ranked on V-day,,2023-02-14T06:18:48Z,PT1M47S,20,1938,126,33,public,hd,52,7,0
yBk-8QYWSoM,"you call it luck, I call it hacks",#codm #shorts,2021-06-06T14:21:30Z,PT32S,20,24489,1531,207,public,hd,27,117,13
QSCODVEcy7w,DAILY NUKE #1 (Legendary Ranked),"This is PrinceRez, I'm an ex-competitive COD Mobile player from India. 
I play on iPhone 8 plus, 4 finger gyro!
SUBSCRIBE for more nukesss!
FOLLOW: https://www.instagram.com/prince_rezzzzz/",2020-09-12T10:57:55Z,PT3M41S,24,590,65,35,public,hd,95,6,1
0VCA8Kz8j9A,world‚Äôs fastest gaming chair?,#codm #shorts,2021-08-08T07:16:01Z,PT37S,20,5356,519,54,public,hd,26,18,5
o0FQGgWX8ow,3 times we all said WTF when iFerg played (HBD ferg),#codm #shorts,2021-09-07T05:43:55Z,PT59S,20,35632,1947,175,public,hd,49,73,17
Aqt-85F6YKQ,Bromance with LaN,"#codm #codmobile #nuke


@LaN_TYR",2021-03-08T15:47:28Z,PT2M40S,20,548,60,32,public,hd,51,2,0
ck4e-xHExT4,when teammates don‚Äôt want you to ace,#codm #shorts,2021-05-15T08:32:39Z,PT58S,20,31917,1646,124,public,hd,47,81,11
lTuISdUF1KA,CODM vs Community over the seasons,#codm #shorts,2021-06-13T15:38:03Z,PT54S,20,105265,7034,386,public,hd,45,539,44
QdAmzzH203Q,PRO SCRIMS | Force1 vs BLIND esports w/ VC,,2020-07-08T15:41:02Z,PT6M34S,24,515,38,8,public,hd,164,8,0
x3e2Th-_Kso,DAILY NUKE #6 (Legendary Ranked),"This is PrinceRez, I'm an ex-competitive COD Mobile player from India. 
I play on iPhone 8 plus, 4 finger gyro!
SUBSCRIBE for more nukesss!
FOLLOW: https://www.instagram.com/prince_rezzzzz/",2020-09-17T15:15:47Z,PT4M,24,489,58,13,public,hd,105,5,0
CiGLNOWy1tw,Road to Legendary S1 (No VC) Solo Rank | 2 Nukes,#codm #codmobile #callofdutymobile,2021-03-14T18:12:31Z,PT2H30M39S,20,598,98,3,public,hd,202,10,0
eP7xULEDwro,Is ICR the best gun in the game?,,2020-08-25T12:00:52Z,PT3M22S,24,1071,72,10,public,hd,72,8,0
mddY_iN3dvI,solo ranked in 35 seconds,#codm #shorts,2021-05-05T16:36:14Z,PT35S,20,44133,2930,107,public,hd,28,164,14
vEb9lt77D90,how CODM nerfed PP19 & QXR (new update),#codm #shorts,2021-06-28T23:12:13Z,PT35S,20,12792,1485,200,public,sd,28,28,7
Qe3Rw35zVqE,ranked teammates in 25 seconds,#codm #shorts,2021-05-02T16:08:46Z,PT25S,20,50912,2533,175,public,hd,23,227,17
d2ZmvnA33EI,NA45 of season 1&2 (good times),#codm #shorts,2021-05-11T16:04:24Z,PT59S,20,52541,2270,392,public,hd,33,222,22
lnECFjIx8c0,they said they‚Äôve never seen this skin pt. 2,#codm #shorts,2021-05-04T16:28:16Z,PT56S,20,38381,1566,355,public,hd,32,144,8
P8ZVc7LAfkk,S&D in less than a minute,#codm #shorts,2021-06-08T07:20:54Z,PT56S,20,28281,1800,220,public,hd,45,141,10
GH4b_XMpND4,they said they nerfed the ASM-10......,,2021-01-28T19:45:42Z,PT3M19S,20,393,41,11,public,hd,67,1,0
HVu7VHYSNAg,BACK TO BACK SOLO LEGENDARY RANKED NUKES (same map) | COD Mobile,"This is PrinceRez, I'm an ex-competitive COD Mobile player from India. 
I play on iPhone 8 plus, 4 finger gyro!
SUBSCRIBE for more nukesss!
FOLLOW: https://www.instagram.com/prince_rezzzzz/",2020-09-06T11:28:02Z,PT5M33S,24,622,75,34,public,hd,129,7,1
k5tm-lSBGCA,NERF ASM-10 (Legendary Ranked Nuke + Gunsmith),,2021-01-22T16:40:20Z,PT3M13S,20,446,45,22,public,hd,66,4,1
S1AJLvWLu5k,CODM | Ranked Highlights #1,,2020-07-04T20:52:38Z,PT3M7S,24,565,49,15,public,hd,47,10,0
pBhR7HwuBFE,they said this gun is dead,#codm #shorts,2021-05-23T11:25:27Z,PT59S,20,34972,1691,295,public,hd,34,120,7
-Cdn63xtb9k,SOMEONE STOP ME FROM NUKING!!!! (Legendary ranked) | COD Mobile,"This is PrinceRez, I'm an ex-competitive COD Mobile player from India. 
Aaaand I love nuking, but not as much as North Korea (JK). 
SUBSCRIBE for more nukesss!
FOLLOW: https://www.instagram.com/prince_rezzzzz/",2020-08-28T07:05:07Z,PT5M12S,24,9549,479,116,public,hd,114,318,6
EWK5USmUz8I,F2P players today,#codm #shorts,2021-06-09T15:24:11Z,PT13S,20,67741,3376,317,public,hd,12,294,13
rj6iH2CvI2w,DAILY NUKE #2 with KN-44 (Legendary Ranked),"This is PrinceRez, I'm an ex-competitive COD Mobile player from India. 
I play on iPhone 8 plus, 4 finger gyro!
SUBSCRIBE for more nukesss!
FOLLOW: https://www.instagram.com/prince_rezzzzz/",2020-09-13T12:49:18Z,PT3M21S,24,824,76,30,public,hd,92,13,1
CXuFruE7wqA,DAILY NUKE #7 (Legendary Ranked),"This is PrinceRez, I'm an ex-competitive COD Mobile player from India. 
I play on iPhone 8 plus, 4 finger gyro!
SUBSCRIBE for more nukesss!
FOLLOW: https://www.instagram.com/prince_rezzzzz/",2020-09-18T16:36:29Z,PT2M52S,24,416,51,14,public,hd,86,3,0
kMufNHuBGeY,NUKE with the most underrated AR (LK-24) | COD Mobile,#codm #callofdutymobile #codmobile,2021-02-20T13:23:30Z,PT2M55S,20,1476,96,28,public,hd,51,12,0
pjAFXOyEhJw,the most nostalgic F2P skin,#codm #shorts,2021-09-19T11:05:31Z,PT42S,20,12188,851,146,public,hd,29,53,5
7E8Dl1YUhZI,Nuking in both the snowy maps of COD Mobile (Legendary Ranked),,2021-01-25T05:49:30Z,PT4M40S,20,367,33,18,public,hd,86,0,0
5EVzU3T1__o,FREE Paid Crates: Garena vs Global,#codm #shorts,2021-11-11T10:24:17Z,PT34S,20,20318,918,173,public,hd,30,34,7
wWxw934Szcg,every SOLO player‚Äôs NIGHTMARE (ft. iFerg),#codm #shorts,2021-10-29T03:02:17Z,PT49S,20,36211,1741,195,public,hd,43,37,11
IclSUCUCLe0,RAREST Free2Play Skin Series in CODM,#codm #shorts,2021-10-05T04:47:47Z,PT36S,20,12053,685,343,public,hd,25,13,5
bHU4iwboxPA,DAILY LIFE OF A NUKER (ft. iFerg),@LaN_TYR @BobbyReacts,2021-02-18T04:12:58Z,PT3M24S,20,1889,174,43,public,hd,89,19,1
zcFG_OQxNqA,bet you‚Äôve never seen a kill like this before,#codm #shorts,2021-05-10T08:42:19Z,PT18S,20,74482,2761,290,public,hd,17,216,13
9T4eDZ-tNKg,this GUN has been META for 6 months? üòÆ,#codm #shorts,2021-10-23T08:25:19Z,PT37S,20,9987,571,187,public,hd,24,5,3
l59iQyutcWU,only 1% know about this P2W skin,#codm #shorts,2021-05-09T08:43:20Z,PT58S,20,122544,4566,625,public,hd,32,539,41
YF7aTWhcGsU,no one chooses this map in CODM,#codm #shorts,2021-08-25T05:41:34Z,PT49S,20,16706,1028,323,public,hd,32,43,12
QrcX0pd7N30,"WOKE UP, DROPPED A NUKE! (SOLO Legendary Ranked)","This is PrinceRez, I'm an ex-competitive COD Mobile player from India. 

I play on iPhone 8 plus, 4 finger gyro!
SUBSCRIBE for more nukesss!
FOLLOW: https://www.instagram.com/prince_rezzzzz/",2020-09-02T10:10:49Z,PT3M39S,24,610,89,29,public,hd,102,2,1
6_NGXTCONXI,pay 2 keep your peace,#codm #shorts,2021-05-24T16:26:26Z,PT58S,20,13528,781,90,public,hd,35,35,4
9nNByC0JxFs,INTENSE T1 SCRIMS Force1 vs UME w/ VC,"Force1 esports v/s U Mumba Esports
RANKED RULE SCRIMS",2020-06-24T19:21:54Z,PT14M17S,20,1804,100,19,public,hd,140,16,0
Zjzw5s1I2G0,only 0.0001% chooses this map in CODM,#codm #nuke,2021-07-13T05:53:15Z,PT1M43S,20,8550,843,258,public,hd,36,9,2
Vv3wH-yJEmM,how to RENAME any WEAPON in CODM,#codm #shorts,2021-09-26T06:56:44Z,PT35S,20,77356,1820,572,public,hd,25,143,21
oF52a7bnD_0,First half nuke (ft. iFerg‚Äôs fav OG skin),#codm #codmobile #callofdutymobile,2021-02-27T07:14:41Z,PT3M35S,20,773,81,27,public,hd,76,10,0
Z8xdz6X_gPY,Unedited SOLO legendary ranked NUKE (CODM),#codm #codmobile #callofdutymobile,2021-03-04T12:08:41Z,PT5M39S,20,533,68,14,public,hd,101,4,1
3ZYNoQnwyDk,DAILY NUKE #4 (Legendary Ranked),"This is PrinceRez, I'm an ex-competitive COD Mobile player from India. 
I play on iPhone 8 plus, 4 finger gyro!
SUBSCRIBE for more nukesss!
FOLLOW: https://www.instagram.com/prince_rezzzzz/",2020-09-15T11:46:45Z,PT4M17S,24,463,58,19,public,hd,106,3,0
dbE8_3awJH0,"Sit Down, Be Humble. (Legendary Ranked Nukes) | PrinceRezYT","This is PrinceRez, I'm an ex-competitive COD Mobile player from India. 
I play on iPhone 8 plus, 4 finger gyro!
SUBSCRIBE for more nukesss!
FOLLOW: https://www.instagram.com/prince_rezzzzz/",2020-10-13T15:14:15Z,PT7M40S,24,5429,252,54,public,hd,98,156,2
NEF8EyW3hR4,How to NUKE in legendary ranked: TUTORIAL,"#codm #callofdutymobile #codmobile

1K SPECIAL


@iFerg @BobbyReacts @LaN_TYR",2021-02-10T10:44:24Z,PT11M18S,20,2727,257,63,public,hd,97,49,1
SWg6hhXylgg,don‚Äôt strike me off the list,,2023-02-01T03:53:45Z,PT2M16S,20,1060,103,57,public,hd,70,6,1
eBDhus8FREk,this SKIN doesn‚Äôt EXIST anymore (0% have this),#codm #shorts,2021-09-23T07:25:28Z,PT35S,20,8497,518,121,public,sd,25,11,6
oiYt3VD5h6Q,Solo Ranked (2 Nukes) - (NA45 user nuked + 1st half nuke),,2021-04-24T20:46:24Z,PT3H9M39S,20,1169,108,8,public,hd,248,4,2
iZzhYXarg8c,guess he had a better gaming chair? (pt 2),#codm #shorts,2021-05-12T15:37:00Z,PT31S,20,57279,2956,275,public,hd,25,459,28
INLHB-Pgwyk,FREE REWARDS with NO GRIND Aether Camo Skins,#codm #shorts,2021-10-21T06:53:23Z,PT37S,20,18787,1521,198,public,hd,26,60,7
BeqjUk2NVgk,"opponent used NA45, so I nuked him",#codm #codmobile #callofdutymobile,2021-03-29T15:54:08Z,PT3M4S,20,1682,106,35,public,hd,86,9,1
DZAsaV1sn80,only P2W skin needed this season,#codm #shorts,2021-05-21T16:20:15Z,PT58S,20,28175,1308,176,public,hd,34,90,9
60JE2W7KnFU,FREE REWARDS: Global vs China CODM (pt2),#codm #shorts,2021-10-13T04:29:49Z,PT39S,20,49381,2124,513,public,hd,31,144,13
BVf6fOHuLGA,"they nerfed many weapons, but not this....(WHY)",#codm #shorts,2021-10-19T06:46:31Z,PT1M25S,20,10388,513,177,public,hd,42,6,4
jhr7aPt-9p0,only shotgun skin with a FREE RED DOT?,#codm #shorts,2021-11-04T10:22:31Z,PT35S,20,36941,1213,235,public,hd,25,44,14
vIu-0HcHYLc,"faced a HACKER and a STAGE 5 team, you won‚Äôt believe what happened....",#codm,2021-09-24T09:01:11Z,PT1M33S,20,12933,731,213,public,hd,63,25,11
wpKJt2mtJSY,every P2W user will get triggered after seeing this....,#codm #shorts,2021-09-11T13:53:54Z,PT39S,20,28957,1283,287,public,hd,28,60,6
PmJHtAojleM,Solo Ranked Chill Stream (2 Nukes),,2021-04-23T18:22:01Z,PT1H45M18S,20,651,87,7,public,hd,197,6,2
XuYjMijLOR4,this skin gives M16 a secret BUFF,#codm #shorts,2021-05-18T08:34:50Z,PT56S,20,47623,1761,220,public,hd,30,106,10
tOLJibiJJ-Q,"ANOTHER DAY, ANOTHER NUKE! (Legendary Ranked)","This is PrinceRez, I'm an ex-competitive COD Mobile player from India. 
I play on iPhone 8 plus, 4 finger gyro!
SUBSCRIBE for more nukesss!
FOLLOW: https://www.instagram.com/prince_rezzzzz/",2020-09-07T14:27:04Z,PT3M2S,24,594,77,29,public,hd,95,8,3
CuIAE8ylqio,what goes around comes around,#codm #shorts,2021-05-10T16:16:13Z,PT16S,20,59409,2498,122,public,hd,15,153,11
g43ZIxkN0Mo,is he legit or a hacker? üôÉ (10 CP hacks),#codm #shorts,2021-08-05T06:56:45Z,PT58S,20,31466,1527,238,public,hd,43,60,11
O26NGUXzDPY,NUKED a season 2 legendary ranked player and made him rage quit üòà,,2020-12-17T05:41:59Z,PT2M40S,24,673,70,14,public,hd,80,2,1
lgbz9yfHiV4,"bye HG40, heyyy HVK? (Legendary Ranked nuke)","This is PrinceRez, I'm an ex-competitive COD Mobile player from India. 
I play on iPhone 8 plus, 4 finger gyro!
SUBSCRIBE for more nukesss!
FOLLOW: https://www.instagram.com/prince_rezzzzz/",2020-10-23T16:25:09Z,PT2M42S,24,507,54,18,public,hd,69,1,1
bGVJuG2L1EE,DAILY NUKE #3 (Legendary Ranked),"This is PrinceRez, I'm an ex-competitive COD Mobile player from India. 
I play on iPhone 8 plus, 4 finger gyro!
SUBSCRIBE for more nukesss!
FOLLOW: https://www.instagram.com/prince_rezzzzz/",2020-09-14T13:45:02Z,PT4M,24,516,60,30,public,hd,106,5,0
mxyVCxVUPjE,PP19 chill stream | CODM (2 Nukes),,2021-04-22T20:48:11Z,PT2H19M38S,20,587,78,4,public,hd,206,5,1
vchJslDaa7E,this CBR4 build has -100 recoil,#codm #shorts,2021-12-27T06:26:04Z,PT1M6S,20,5019,376,55,public,hd,33,8,5
fY5rd1Q1oM0,10k subs yesssir CODM live (2 Nukes),,2021-05-23T15:46:02Z,PT1H41M43S,20,2505,279,6,public,hd,127,16,1
pWYMSG9HlI8,‚ÄúRevenge is best served with a nuke‚Äù - @iFerg,#codm #shorts,2021-09-13T05:36:36Z,PT1M6S,20,6413,523,124,public,hd,48,16,4
EyPktiKlqMo,FREE CRATES in CODM (FINALLY),#codm #shorts,2021-11-18T04:11:52Z,PT36S,20,12433,565,179,public,hd,28,38,6
PYqu8KcIlUw,Did he just shoot my body...?,#codm #shorts,2021-12-29T04:55:02Z,PT35S,20,7193,992,63,public,hd,29,21,11
_BdM4rtLpdA,SOLO Legendary Ranked NUKE in Nuketown | CODM,"This is PrinceRez, I'm an ex-competitive COD Mobile player from India. 
I play on iPhone 8 plus, 4 finger gyro!
SUBSCRIBE for more nukesss!
FOLLOW: https://www.instagram.com/prince_rezzzzz/",2020-09-05T13:58:17Z,PT3M40S,24,710,78,49,public,hd,101,7,2
w3JOFfyn1fo,3amoor type NUKE in NUKETOWN üòà (Legendary Ranked),"This is PrinceRez, I'm an ex-competitive COD Mobile player from India. 
I play on iPhone 8 plus, 4 finger gyro!
SUBSCRIBE for more nukesss!
FOLLOW: https://www.instagram.com/prince_rezzzzz/",2020-12-02T08:47:50Z,PT2M53S,24,930,86,24,public,hd,72,6,3
2jh5Oi8rzHs,everyone wish they had this P2W skin,#codm #shorts,2021-05-16T08:40:06Z,PT50S,20,63215,2331,523,public,hd,32,169,17
buNxFa2HE0g,BEST F2P reward CODM has ever given us?,#codm #shorts,2021-10-14T07:20:27Z,PT35S,20,27905,1432,247,public,hd,28,48,6
2VnGripygKQ,the only feature that made BP fun after tier 50,#codm #shorts,2021-10-16T06:48:30Z,PT35S,20,17366,928,179,public,hd,29,24,9
zXEmnymaOxc,UPGRADED MAN-O-WAR GUNSMITH for NUKES (CODM),#codm #callofdutymobile #codmobile,2021-03-21T09:53:15Z,PT3M55S,20,1695,71,14,public,hd,50,5,1
h-Vt0ObgkqQ,DROPPING RANKED NUKES WITH THE HG-40! (Legendary ranked),"This is PrinceRez, I'm an ex-competitive COD Mobile player from India. 
I play on iPhone 8 plus, 4 finger gyro! 
SUBSCRIBE for more nukesss!
FOLLOW: https://www.instagram.com/prince_rezzzzz/",2020-08-31T09:29:38Z,PT5M37S,24,962,105,26,public,hd,113,19,0
xDI4waAVSNU,Call Of BullCharge | iPhone meme,#codm #codmobile #shorts,2021-04-26T08:26:53Z,PT21S,20,2860,133,27,public,hd,18,5,2
-K8LWH_yLRQ,can't get over how good the ASM-10 is (Legendary Ranked Nuke),,2021-01-24T07:13:39Z,PT2M32S,20,323,32,16,public,hd,64,1,2
31t9loqYPF0,this hacker had all hacks equipped (10k cp hacks),#codm #shorts,2021-08-19T05:28:56Z,PT54S,20,49506,2478,291,public,hd,42,120,14
pVFnTcDez5A,CRASH=EZ NUKES!? (Legendary Ranked) | COD Mobile,"This is PrinceRez, I'm an ex-competitive COD Mobile player from India. 
I play on iPhone 8 plus, 4 finger gyro!
SUBSCRIBE for more nukesss!
FOLLOW: https://www.instagram.com/prince_rezzzzz/",2020-09-03T12:17:28Z,PT6M,24,548,79,30,public,hd,135,7,2
PN-zqcjgu0c,every QXR user this season,#codm #shorts,2021-07-03T04:31:46Z,PT24S,20,13366,1403,183,public,hd,20,18,5
QInwIvcY4k0,the only team that killed iFerg in the 100k BR tourney,#codm #shorts,2021-10-09T17:02:14Z,PT36S,20,38029,2164,259,public,hd,30,64,19
saaSuZSGu8g,BEST CORDITE LOADOUT (???) Gunsmith Attachments!,,2020-08-16T07:26:42Z,PT3M23S,24,1106,80,10,public,hd,56,12,1
PVRdhFlwqWk,‚ÄúGoing off‚Äù - CODM montage üòà,"#codm #codmobile

EDIT BY: Krke
His YT link: https://youtube.com/channel/UCh8zXWiGTDtGnFXEML3SbOQ",2021-04-14T16:15:16Z,PT1M27S,20,1098,87,29,public,hd,34,7,1
ARelIa_wih4,JAPANESE PROS CLAIM THIS TO BE THE BEST GUN (2 NUKES),#codm #callofdutymobile #codmobile,2021-02-09T11:08:43Z,PT4M30S,20,871,54,20,public,hd,53,4,1
_SEoJqXbPCw,anyone remember this version of standoff?,#codm #shorts,2021-10-02T06:49:33Z,PT36S,20,11486,756,179,public,hd,23,18,7
XE7hgo1m2E4,imagine if CODM got this into the game,#codm #shorts,2021-06-27T09:41:18Z,PT23S,20,13054,1527,200,public,hd,18,33,4
0OgfPp9J6NI,DAILY NUKE #10 (Legendary Ranked),"This is PrinceRez, I'm an ex-competitive COD Mobile player from India. 
I play on iPhone 8 plus, 4 finger gyro!
SUBSCRIBE for more nukesss!
FOLLOW: https://www.instagram.com/prince_rezzzzz/",2020-09-21T13:13:49Z,PT3M25S,24,535,61,34,public,hd,90,2,0
iDbvlH04ADw,DROPPED A NUKE + INSANE COMEBACK (Solo Legendary Ranked),"This is PrinceRez, I'm an ex-competitive COD Mobile player from India. 
I play on iPhone 8 plus, 4 finger gyro!
SUBSCRIBE for more nukesss!
FOLLOW: https://www.instagram.com/prince_rezzzzz/",2020-12-01T09:08:43Z,PT3M50S,20,348,48,16,public,hd,102,3,1
Pxf2Xsoy954,HG-40 Legendary Ranked Nuke in 2021 (with GUNSMITH),#codm #codmobile,2021-04-08T10:34:47Z,PT3M4S,20,867,88,29,public,hd,66,9,1
jXIjcqPZwJY,Is this why iFerg called me OP?,"@iFerg @BobbyReacts 

#codm #callofdutymobile #codmobile",2021-02-21T16:41:07Z,PT3M11S,20,3000,216,54,public,hd,74,43,2
eqqTytEed4s,Indian sweat in EU lobbies,,2023-02-28T04:40:32Z,PT1M50S,20,1558,116,45,public,hd,54,5,3
9p5QCqaKOpc,if CODM was a person,#codm #shorts,2021-07-18T06:55:27Z,PT25S,20,6444,731,40,public,sd,20,7,3
TcD8c3eq6go,the result of using gyroscope on iPad üò≥,#codm #shorts,2021-11-04T06:50:17Z,PT1M12S,20,8799,431,141,public,hd,38,18,5
nAPblsVF9KY,Playing Legendary Rank ft. DVT.Heaven (dropped a nuke) | CODM,Check out Heaven's YouTube channel: https://www.youtube.com/channel/UC0iDWc86ahrQO04aOVIjvYQ,2020-08-06T08:35:34Z,PT5M33S,24,922,71,11,public,hd,106,19,2
Kb3LEpd7iBc,DAILY NUKE #8 (Legendary Ranked),"This is PrinceRez, I'm an ex-competitive COD Mobile player from India. 
I play on iPhone 8 plus, 4 finger gyro!
SUBSCRIBE for more nukesss!
FOLLOW: https://www.instagram.com/prince_rezzzzz/",2020-09-19T15:16:11Z,PT2M49S,24,409,54,19,public,hd,81,2,1
6-ptXKpSoSI,opponents can‚Äôt handle my real PP,#codm #shorts,2021-05-02T08:20:51Z,PT59S,20,59159,2090,294,public,hd,32,198,16
aVjhYa8Jqoo,ever had a dream like this? #motivation (stream highlights),#shorts #codm #codmobile,2021-04-23T09:22:32Z,PT32S,20,1152,83,Not Available,public,hd,24,2,0
tUgT_ElC5io,even a glitched msmc skin can‚Äôt stop me from nuking,,2023-02-21T13:09:05Z,PT2M30S,20,1684,108,50,public,hd,56,6,1
0IkhDo4c-UI,HVK LUCKY DRAW + RANKED NUKE (New Meta?),"This is PrinceRez, I'm an ex-competitive COD Mobile player from India. 
I play on iPhone 8 plus, 4 finger gyro!
SUBSCRIBE for more nukesss!
FOLLOW: https://www.instagram.com/prince_rezzzzz/",2020-10-17T11:50:25Z,PT4M53S,24,553,54,13,public,hd,100,6,2
zW1Wk4KTBmg,WHY HG40 IS STILL THE BEST GUN (RANKED NUKES),"This is PrinceRez, I'm an ex-competitive COD Mobile player from India. 
I play on iPhone 8 plus, 4 finger gyro!
SUBSCRIBE for more nukesss!
FOLLOW: https://www.instagram.com/prince_rezzzzz/",2020-10-19T12:18:36Z,PT5M27S,24,785,87,33,public,hd,96,15,2
EHvWofP2XW0,99% don‚Äôt know this legendary skin exists,#codm #shorts,2021-05-21T08:35:42Z,PT58S,20,19341,964,263,public,hd,32,49,8
O8HVyXXvCnU,F2P type-25 better than P2W version? ü§î,#codm #shorts,2022-01-14T08:42:15Z,PT2M3S,20,4588,348,76,public,hd,50,13,11
9kFhEsh38HI,DRH is my go-to weapon for nukes and here's why (Legendary Ranked),"This is PrinceRez, I'm an ex-competitive COD Mobile player from India. 
I play on iPhone 8 plus, 4 finger gyro!
SUBSCRIBE for more nukesss!
FOLLOW: https://www.instagram.com/prince_rezzzzz/",2020-11-09T16:27:00Z,PT3M42S,24,703,75,24,public,hd,92,7,2
gFJh8peI9ko,HOW to get FREE 2 WIN rewards in CODM,#codm #shorts,2021-09-29T03:30:16Z,PT35S,20,86190,4816,419,public,hd,28,546,23
wAfCKpinWvc,how CODM made these RUS epic skins,#codm #shorts,2021-07-07T09:54:33Z,PT54S,20,9222,966,84,public,hd,36,33,4
lX-tPdKpByE,NukeMachine (Anime themed),"‚Äã @iFerg @LaN_TYR @BobbyReacts 

#codm #callofdutymobile #codmobile",2021-02-23T12:45:28Z,PT3M54S,20,972,81,47,public,hd,84,4,0
QV43xy6U_j4,4-finger gyroscope iPad HANDCAM (COD Mobile),#codm #callofdutymobile #codmobile,2021-02-03T16:27:45Z,PT6M27S,20,1010,57,24,public,hd,55,6,2
g9bI85zrtyw,DESTRUCTION (Legendary Ranked NUKES),"This is PrinceRez, I'm an ex-competitive COD Mobile player from India. 
I play on iPhone 8 plus, 4 finger gyro!
SUBSCRIBE for more nukesss!
FOLLOW: https://www.instagram.com/prince_rezzzzz/",2020-09-26T12:12:38Z,PT5M12S,24,730,78,16,public,hd,105,10,0
5W-KSXDsLnc,deadly hotbox,#codm #codmobile #shorts,2021-03-05T16:59:56Z,PT31S,20,475,49,6,public,hd,21,0,0
PhsF2ds65Io,sync ads FOV is broken in CODM,,2023-02-04T09:25:58Z,PT1M19S,20,1543,74,29,public,hd,39,3,2
7l62k06-E3s,LOADOUTS that will help you reach LEGENDARY rank in CODM,#codm #shorts,2021-11-20T06:53:59Z,PT36S,20,17980,1110,145,public,hd,31,100,10
5DSsIiSoZ1s,loadout that helped me reach global #5 for CBR,,2023-02-25T04:49:15Z,PT2M23S,20,1566,104,32,public,hd,65,7,3
Kq9EmawJBOE,3 nukes in a sesh with the bizon pp19 (Legendary Ranked),#codm #codmobile #nuke,2021-04-20T16:43:30Z,PT6M42S,20,1028,76,25,public,hd,76,2,0
OS45O01gNLk,Nuking toxic self-proclaimed nuke gods,,2023-03-05T16:01:17Z,PT3M42S,20,3383,238,115,public,hd,114,46,3
5yVLueePy_M,LaN breaks hearts,#codm #codmobile #shorts,2021-03-06T17:10:24Z,PT31S,20,6137,339,58,public,hd,26,30,1
9bF-ce6AFqY,iFerg says this skin is kinda P2W?,#codm #shorts,2021-11-23T04:50:07Z,PT52S,20,13166,638,110,public,hd,34,23,7
CTk9MymqDSM,3 Most RAREST Emotes I Own In CODM,#codm #shorts,2021-11-30T04:17:25Z,PT33S,20,13162,607,164,public,hd,23,23,6
jwJ1-gNjTUg,THIS AK117 BUILD HELPED ME NUKE TRYHARDS?,#codm #callofdutymobile #codmobile,2021-02-08T07:10:01Z,PT2M46S,20,893,70,20,public,hd,59,5,1
NoXiOYgbJOg,where can I get this gaming chair?,#codm #shorts,2021-05-24T08:55:51Z,PT49S,20,63894,2587,391,public,hd,38,109,15
1N9dvdJkDs0,CODM | Legendary Ranked Nuke (40-0) | No Stress,,2020-07-06T04:34:34Z,PT4M21S,20,644,46,11,public,hd,86,3,0
UExN4pSlcTE,spawn-trapped and then nuked him (CODM),#codm #codmobile #nuke,2021-04-24T09:33:55Z,PT2M10S,20,5121,304,61,public,hd,71,21,2
